{
  "center": [
    34.17519359545875,
    -118.86137782168257
  ],
  "corners": {
    "SW": [
      34.17499055242438,
      -118.86206849045325
    ],
    "NW": [
      34.17567402038051,
      -118.86128528547835
    ],
    "NE": [
      34.175385544320925,
      -118.86059864002088
    ],
    "SE": [
      34.174724264709184,
      -118.8615588707778
    ]
  },
  "dimensions": {
    "width_ft": 181.79550074047063,
    "height_ft": 343.34095973360047,
    "area_acres": 1.4329164761130317
  }
}